Make,Car Model,Year Model,OE Battery ,Energizer Replacement,bestbuy id
NISSAN,Urvan Escapade,2004,N70,D31L,1996
NISSAN,Urvan Estate,,,,
NISSAN,,,,,
NISSAN,NV 350 Urvan (Caravcan),2015,N70,D31L,1996
NISSAN,Vanette,1993 - on,NS50,D23L,1983
NISSAN,Verita,2000 - on,NS60,B24LS,1988/1985
NISSAN,X-Trail 2.0 L 2WD ,2004,NS50,D23L,1983
NISSAN,X-Trail 2.5 L 4WD 250,,,,
NISSAN,X-Trail 2.5 L 4WD 250X,,,,
NISSAN,X-Trail (All Variants),2015,NS50,D23L,1983
NISSAN,X-Trail (All Variants),2016,NS50,D23L,1983
NISSAN,350Z MT,,NS50,D23L,1983
NISSAN,350Z AT,,NS50,D23L,1983
NISSAN,GTR 3.8 V6,2012 - 2015,NS40,B20L,1990
OPEL,Astra ,1999 - on,DIN66,DIN66,2001/2004
OPEL,Omega,1998 - on,DIN88,DIN88,2003
OPEL,Tigra ,1999 - on,DIN66,DIN66,2001/2004
OPEL,Vectra,1998 - on,DIN66,DIN66,2001/2004
PEUGEOT,1007,,DIN44,DIN44,
PEUGEOT,206,,DIN44,DIN44,
PEUGEOT,307,,DIN44,DIN44,
PEUGEOT,407,,DIN66,DIN66,2001/2004
PEUGEOT,301,2012 - on,DIN70,,
PEUGEOT,308,2012 - on,DIN70,,
PEUGEOT,2008,2012 - on,DIN70,,
PEUGEOT,5008,2012 - on,DIN70,,
PEUGEOT,508,2012 - on,DIN70,,
PEUGEOT,208,2012 - on,DIN70,,
PEUGEOT,Expert,2012 - on,DIN70,,
PEUGEOT,RCZ,2012 - on,DIN55,,2002
PEUGEOT,Partner Van,,DIN88,DIN88,
NISSAN,Cefiro,1989 - on,NS50,D23L,1983
NISSAN,Classic,1988 - 1993,N70,D31L,1996
NISSAN,Eagle,1991 - 1999,N70,D31L,1996
NISSAN,Estate 2.7 (E25) New Estate,,N70,D31L,1996
NISSAN,Estate 2.7 (E25) Closed Van,,N70,D31L,1996
NISSAN,Exalta,2000 - on,NS50,D23L,1983
NISSAN,Frontier,1999 - on,N70,D31R,1998
NISSAN,Frontier Bravado,,N70,D31R,1998
NISSAN,Frontier Navarra 2.5 CRDI Turbo,2007 - on,N70,D31L,1996
NISSAN,Frontier Navarra Brute 2.5 4x4 MT,2011,N70,D31L,1996
NISSAN,Frontier Navarra Brute 2.5XL 4x4 MT,2011,N70,D31L,1996
NISSAN,Frontier Navarra Krome Edition 2.5 CRDI 4x4 MT,2011,N70,D31L,1996
NISSAN,Frontier Navarra Krome Edition 2.5 CRDI 4x4 AT,2011,N70,D31L,1996
NISSAN,Almera (N17) 1.2/1.5 (Versa in the US),2012,NS60,B24LS,1988/1985
NISSAN,NP300 Navarra 2.5LI (All Variants),2015,N70,110D31L,
NISSAN,Grand Livina 1.8 XL Elite,,NS60,B24LS,1988/1985
NISSAN,Grand Livina 1.8 XR Luxury ,,NS60,B24LS,1988/1985
NISSAN,Grand Livina 2.8 XV Elegance,,NS60,B24LS,1988/1985
NISSAN,Maxima,1987 - 1991,NS50,D23L,1983
NISSAN,Altima,2015,NS50,D23L,1983
NISSAN,Murano ,,NS50,D23L,1983
NISSAN,Pathfinder,1989 - 1999,N70,D31L,1996
NISSAN,Patrol,1989 - on,N70,D31L,1996
NISSAN,Patrol Safari 3.0 DSL,2007 - on,N70,D31L,1996
NISSAN,Patrol Safari 4.5 Gas,2007 - on,N70,D26L,1995
NISSAN,Patrol Super Safari,,N70,D31L,1996
NISSAN,Patrol Royale,2012,NS50,D23L,1983
NISSAN,Sentra GX MT,1991 - on,NS50,D23L,1983
NISSAN,Sentra GX MT (PWR),1991 - on,NS50,D23L,1983
NISSAN,Sentra GX AT,1991 - on,NS50,D23L,1983
NISSAN,Sentra GSX MT,1991 - on,NS50,D23L,1983
NISSAN,Sentra GS,1991 - on,NS50,D23L,1983
NISSAN,Sentra,2015,NS60,B24LS,1988/1985
NISSAN,Sulphy,2015,NS50,D23L,1983
NISSAN,Serena 250 L,2004 - on,NS50,D26L,1995
NISSAN,Serena 250 E,2004 - on,NS50,D26L,1995
NISSAN,2005X,,NS50,D26L,1995
NISSAN,350Z,,NS50,D23L,1983
NISSAN,370Z,,NS50,D23L,1983
NISSAN,Sunny Pick Up,1991 - 1997 ,NS50,D23L,1983
NISSAN,Teana 2.3 L 230 JK,,NS50,D23L,1983
NISSAN,TEana 2.3 L 230 JMY,,NS50,D23L,1983
NISSAN,Terrano,1995 - on,N70,D31R,1998
MITSUBISHI,Strada GL,1988 - on,N70,D31L,1996
MITSUBISHI,Strada GLX,1988 - on,N70,D31L,1996
MITSUBISHI,Strada GLS Sports ,1988 - on,N70,D31L,1996
MITSUBISHI,Strada GLS Sports Custom Edition,1988 - on,N70,D31L,1996
MITSUBISHI,Strada GX GLX GLS (New Body),2015,N70,D31L,1996
MITSUBISHI,L300 (Diesel),1987- on,N70,D31L,1996
MITSUBISHI,L300 (Gasoline),1987- on,NS50,D26L,1995
MITSUBISHI,L300 Versa Van,,N70,D31L,1996
MITSUBISHI,Lancer (Box Type),1983 - 88,NS50,D23L,1983
MITSUBISHI,Lancer 2.0,2006,NS50,D23L,1983
MITSUBISHI,Lancer EL/GL/GLI,1989 - on,NS60,B24L,1986/1993
MITSUBISHI,"Lancer Evolution (IV, V VI, VII, VIII, IX & X)",1995 - on ,NS40,B20L,1990
MITSUBISHI,Lancer GLXI/GLX/GSR/ SOHC*,1989 - on ,NS50L,D23L,1983
MITSUBISHI,Lancer MX*,2000 - on,NS50L,D23L,1983
MITSUBISHI,Lancer MX*,2004 - 2007 ,NS60,B24LS,1988/1985
MITSUBISHI,Lancer GLX M/T,2009,NS50L,D23L,1983
MITSUBISHI,Lancer GLS CVT,2009,NS50L,D23L,1983
MITSUBISHI,Lancer Ex (GS41; GLX/MX/GT/GT-A/Ralli-Art),,NS50L,D23L,1983
MITSUBISHI,Outlander GLX,2004 - on,NS50,D23L,1983
MITSUBISHI,Outlander GLS,2004 - on,NS50,D23L,1983
MITSUBISHI,Outlander GLS Sports,2004 - on,NS50,D23L,1983
MITSUBISHI,Pajero (Diesel),1988 - on,N70,D31L,1996
MITSUBISHI,Pajero (Gasoline),1988 - on,N50,D26L,1995
MITSUBISHI,Pajero SE,,N70,D31L,1996
MITSUBISHI,Montero Sports 4x2 ,,N70,D31L,1996
MITSUBISHI,Montero Sports GLS,,N50,D31L,1996
MITSUBISHI,Montero Sports GLS (Depending on Tray Size),2014,N50,D26L,1995
MITSUBISHI,Montero Sport 2.4 Li MIVEC Euro4,2010,N50,D26L,1995
MITSUBISHI,Montero Sport 2.4 Li MIVEC Euro4,2016,N50,D31L,1996
MITSUBISHI,Spacegear,2004,NS50,D23L,1983
MITSUBISHI,Spacegear**,,N50,D26L,1995
MITSUBISHI,Space Wagon,1993 -on,N50,D26L,1995
MERCEDES BENZ,A Class ,,DIN66,,2004
MERCEDES BENZ,B Class,,DIN66,,2004
MERCEDES BENZ,C Class,1995 - on,DIN66,,2004
MERCEDES BENZ,C230,2006,DIN88,,2003
MERCEDES BENZ,CL Class,2006,DIN88,,2003
MERCEDES BENZ,CLK Class,,DIN88,,2003
MERCEDES BENZ,CLS Class,,DIN88,,2003
MERCEDES BENZ,E Class,1995 - on,DIN88,,2003
MERCEDES BENZ,G Class,,DIN110,,
MERCEDES BENZ,GL Class ,,DIN88,,2003
MERCEDES BENZ,M Class (GLE),1996 - on,N70,,
MERCEDES BENZ,GLE Coupe,2015,DIN77,,
MERCEDES BENZ,ML 350/500 (GLE),,DIN88,,2003
MERCEDES BENZ,GLC (Old GLK220),,DIN88,,2003
MERCEDES BENZ,R Class,,DIN88,,2003
MERCEDES BENZ,S Series,2006,DIN88,,2003
MERCEDES BENZ,SL Class,,DIN88,,2003
MERCEDES BENZ,SLK,1997 - on,DIN66,,2001
MERCEDES BENZ,SLK,2013 to Present ,DIN110,,
MERCEDES BENZ,SLS,2013 to Present ,DIN110,,
MERCEDES BENZ,AMG - GT,2013 to Present ,DIN110,,
MERCEDES BENZ,Viano,,,,
MITSUBISHI,Adventure GLX,1999 - on,N70,D31L,1996
MITSUBISHI,Adventure GX,1999 - on,N70,D31L,1996
MITSUBISHI,Adventure GLS Sports,1999 - on,N70,D31L,1996
MITSUBISHI,Adventure Super Sports ,1999 - on,N70,D31L,1996
MITSUBISHI,ASX 2.0 GLX MT,,NS50L,D23L,1983
MITSUBISHI,ASX 2.0 GLS 4X2 CVT,2011,NS50L,D23L,1983
MITSUBISHI,ASX 2.0 GLS 4X4 CVT,,NS50L,D23L,1983
MITSUBISHI,Endeavor ,2007 - on,G34,G34/78,
MITSUBISHI,Eclipse GT,,N50,D26L,1995
MITSUBISHI,Exceed (Diesel),,N70,D31L,1996
MITSUBISHI,Exceed (Gasoline),,NS50 ,D23L,1983
MITSUBISHI,Fuzion GLS Sports ,2007 - on,NS50,D23L,1983
MITSUBISHI,Fuzion GLX,,,,1983
MITSUBISHI,Galant,1989 - on,N50,D26L,1995
MITSUBISHI,Galant (2.4 Mivec),2006,N50,D26L,1995
MITSUBISHI,Grandis,2005 - on,NS50,D23L,1983
MASERATI,Quattroporte,2003 - 2012 ,DIN88,,2003
MASERATI,Quattroporte,2013 - on,DIN88,,2003
MASERATI,Gran Turismo,2007 - on ,DIN88,,2003
MASERATI,Ghibu (M157),2013 - on,DIN88,,2003
MAZDA,323,1993 - on,NS50,D23L,1983
MAZDA,626,1993 - on,N50,D26L,1995
MAZDA,Astina,,NS50,D23L,1983
MAZDA,B2200 Pick-up,1989 - 1986 ,N70,D31L,1996
MAZDA,B2500 Pick-up,1989 - on,N70,D31L,1996
MAZDA,BT50,,N70,D31R,1998
MAZDA,CX-7,,NS50L,D23L,1983
MAZDA,CX9,2007 - on,N50,D26L,1995
MAZDA,Lantis,,NS60,B24L,1986/1993
MAZDA,Mazda 2,,NS60,B24L,1986/1993
MAZDA,Mazda 3,2004,NS50,D23L,1983
MAZDA,Mazda 3 2.0,,NS50,D23L,1983
MAZDA,Mazda 6,2004,NS50,D23L,1983
MAZDA,Mazda 6 2.3,,NS50,D23L,1983
MAZDA,Mazda 6,2007 - on,NS50,D23L,1983
MAZDA,MPV,1996 - 1999,N70,D31L,1996
MAZDA,MX-5 Miata,2007 - on ,NS60L,B24L,1986/1993
MAZDA,Power Van E2000 GS 2L,1992 - 1999,NS50,D23L,1983
MAZDA,Tribute,2004,N50,D26L,1995
MAZDA,BT-50 2.2Li 4x2,2011,DIN66,DIN66,2001/2004
MAZDA,BT-50 3.2Li 4x4,2011,DIN77,DIN77,
MAZDA,Mazda 6 Skyactiv,2012,NS50 S/S,,
MAZDA,CX-5,2013,NS50 S/S,,
MAZDA,Mazda3 Skyactiv,2014,NS50 S/S,,
MAZDA,Mazda2 Skyactiv,2014,NS60,D23L,1983
MAZDA,MX-5 Miata,2015,NS60 S/S,For Development,
KIA,Pregio 2.2L (Diesel),1994 - 2000 ,N70,D31L,1996
KIA,Pride,1990 - 2000 ,NS50,D23L,1983
KIA,Rio 1.4L EX Sedan AT,       2007 - on,NS50L,L23L,
KIA,Rio 1.4L EX Sedan MT,       2007 - on,NS50L,L23L,
KIA,Sedona,2004,N70,D31L,1996
KIA,Sorento,2004,N50,D26L,1995
KIA,Sorento 7 Seater AT,2007 - on,NX-20,NX-120L,
KIA,Soul Gas ,,NS50L,L23L,
KIA,Sportage 2.0L Gas AT,2007 - on,NS50L,L23L,
KIA,Sportage 2.0L LDSL AT CRDi 4x2,2007 - on,N70R,L31R,
KIA,Sportage 2.0L LDSL AT CRDi 4x4,2007 - on,N70,L31L,
LAMBORGHINI,Countach LP400-P,1994 - 1990 ,DIN70,DIN77,
LAMBORGHINI,Diablo,1990 - 2001,DIN70,DIN77,
LAMBORGHINI,Murcialego ,2001 - 2010,DIN100,,
LAMBORGHINI,Aventador,2011 - on,DIN100,,
LAMBORGHINI,Gallardo,2003 - 2013 ,DIN100,,
LAMBORGHINI,Hurracan ,2014 - on,DIN100,,
LAND ROVER,LR2,1996 - 190,N50,,
LAND ROVER,LR3,1996 - 190,N50,,
LAND ROVER,"Range Rover (4,4,4.6is,4.Bis)",,DIN66,,2004
LAND ROVER,Range Rover Sport,,DIN66,,2004
LEXUS,ES350,,N50L,D26L,1995
LEXUS,GS460,,N50L,D26L,1995
LEXUS,IS300/350,,N50L,D26L,1995
LEXUS,IS300C,,N50L,D26L,1995
LEXUS,LS460 (5-Seater),,N50L,D26L,1995
LEXUS,LS460 (4-Seater),,N50L,D26L,1995
LEXUS,LX570,,N70L,D31L,1996
LEXUS,RX350,,N70L,D31L,1996
LEXUS,NX2.0Li,2015,N70L,D31L,1996
LEXUS,RX3.5Li,2015,N70L,D31L,1996
LEXUS,RC350/RC-F,2015,N50,D26L,1995
ISUZU,D-Max 3.0 iTEQ 4x2,,N50,D26L,1995
ISUZU,D-Max 3.0 iTEQ 4x4,,N70,D31L,1996
ISUZU,D-Max 2.5Li 4x2/3.0Li 4x4 (New Gen Bod) ,2004 - on,N50,D26L,1995
ISUZU,FSR 345L/FVR345L,,N50,D26L,1995
ISUZU,FTR,1995 - 2000,N50,D26L,1995
ISUZU,Fuego,1998 - on,N70,D31L,1996
ISUZU,Highlander , 1996 - on,NS50,D23L,1983
ISUZU,NHR/NKR,,NS50,D23L,1983
ISUZU,NHR/NKR,2014,N50x2,D26L/R,
ISUZU,NQR,,NS50,D23R,
ISUZU,Pick-up  (All Models),1990 - on,N70,D31L,1996
ISUZU,Sportivbo,,NS50,D23L,1983
ISUZU,Tropper (Diesel),1996 - on,N70,D31R,1998
ISUZU,Tropper (Gasoline),1996- on,N70,D31R,1998
JAGUAR,Jaguar S-Type,,DIN88,,2003
JAGUAR,Jaguar XK-Type,,DIN88,,2003
JAGUAR,Jaguar XKR-Type,,DIN110,,
JAGUAR,Jaguar XS-Type,,DIN88,,2003
JAGUAR,Jaguar X-Type,,DIN88,,2003
JAGUAR,Jaguar XI-Type,,DIN110,,
JAGUAR,Jaguar XIR-Type,,DIN110,,
KIA,Besta 2.2L (Diesel),1994 - 2004 ,N70,D31L,1996
KIA,Carens 2.0 Li Gas EX AT, ,NS50L,L23L,
KIA,Carens 2.0 Li LX CRDI AT,2007 - on,N70,L31L ,
KIA,Carens 2.0 Li EX CRDI AT,,N70,L31L ,
KIA,Carnival,200 - on,N70,D31L,1996
KIA,Carnival LX MT CRDi (SWB) 8 Seater,2007 - on,N87L,N87L,
KIA,Carnival LX AT CRDi (SWB) 8 Seater,2007 - on,N87L,N87L,
KIA,Carnival LX AT CRDi (LWB),2007 - on,N87L,N87L,
KIA,Carnival EX AT CRDi (SWB) 8 Seater,2007 - on,N87L,N87L,
KIA,Carnival EX AT CRDi (LWB) ,2007 - on,N87L,N87L,
KIA,KIA Forte,,,L23L,
KIA,K2700,,,N87L,
KIA,Mojave Gas,,,L26L,
KIA,Picanto DLX MT ,2007 - on,NS40L,B21L,
KIA,Picanto DLX AT ,2007 - on,NS40L,B21L,
,,,,,1995
HYUNDAI,Grace (Gasoline,1995 - on,N50,D26L,1998
HYUNDAI,08 Grand Starex TCI GL MT 10,2007 - on ,N70,D31R,1998
HYUNDAI,08 Grand Starex TCI GL MT 12,2007 - on ,N70,D31R,1998
HYUNDAI,08 Grand Starex TCI GLS AT 10,2007 - on ,N70,D31R,1998
HYUNDAI,08 Grand Starex CRDi VGT GLS MT 10S,2007 - on ,N70,D31R,1998
HYUNDAI,08 Grand Starex CRDi VGT GLS MT 12S,2007 - on ,N70,D31R,1998
HYUNDAI,08 Grand Starex CRDi VGT GLS AT 12S,2007 - on ,N70,D31R,1998
HYUNDAI,08 Grand Starex CRDi VGT Gold AT 10S,2007 - on ,N70,D31R,1998
HYUNDAI,08 Grand Starex CRDi VGT GLS AT 5S 10S,2007 - on ,N70,D31R,1996
HYUNDAI,H100/Grace,1995 - on,N70,D31L,1996
HYUNDAI,Porter 2.6 Diesel (Cab Chasis),,N70,D31L,1996
HYUNDAI,Porter 2.6 Diesel (Shuttle),,N70,D31L,1996
HYUNDAI,Porter 2.6 Diesel (Closed Van),,N70,D31L,1996
HYUNDAI,Porter 2.6 Diesel (Drop Side),,N70,D31L,1996
HYUNDAI,Porter 2.6 Diesel (XG),,N70,D31L,
HYUNDAI,i10 1.1 GL NT,,NS40,B21L,
HYUNDAI,i10 1.1 GLS MT,,NS40,B21L,
HYUNDAI,i10 1.1 GLS AT,,NS40,B21L,
HYUNDAI,i10 1.2 GLS MT,,NS40,B21L,
HYUNDAI,i10 1.2 GLS AT,,NS40,B21L,
HYUNDAI,i20,,NS40,B21L,1986/1993
HYUNDAI,i30,,NS60,B24L,1983
HYUNDAI,Matrix (1.6 Gas),,D20,D23L,
HYUNDAI,Matrix (CRDi Diesel),2004 - on,N50,L26L,1996
HYUNDAI,Santa Fe 2.7 GLS 4x4 AT Gas,2005 - on,N70,D31L,
HYUNDAI,Santa Fe 2.2 GLS 4x4 AT CRDi DSL,2005 - on,N70,L31L,
HYUNDAI,Santa Fe 2.2 GLS 4x2 AT CRDi DSL,2005 - on,N70,L31L,1995
HYUNDAI,Sonata GLS 2.7 Gas AT,1996 - on,N50,D26L,1995
HYUNDAI,Sonata GLS 2.4 Gas AT,1996 - on,N50,D26L,
HYUNDAI,Tucson 2.0 Gas 4x2 AT,2004 - on,NS50L,L23L,
HYUNDAI,Tucson 2.0 Gas 4x2 MT,2004 - on,NS50L,L23L,
HYUNDAI,Tucson CRDi DSL 4x4 AT,2004 - on,N70,L31L,
HYUNDAI,Tucson CRDi DSL 4x2 AT,2004 - on,N70,L31L,
HYUNDAI,Tucson CRDi DSL 4x4 AT,2010,N70R,L31R,
HYUNDAI,Tucson CRDi DSL 4x2 AT,2010,N70R,L31R,
HYUNDAI,Vera Cruz GLS 3.0 V6 CRDi DSL AT 4x4,2006 - on,N87L,N87L,1996
ISUZU,Alterra,,N70,D31L,1996
ISUZU,Alterra Zen,,N70,D31L,1996
ISUZU,Alterra Urvan Cruiser ,,N70,D31L,1995
ISUZU,Mu-X 2.5Li 4x2/3.0Li 4x4,2014 - on,N50,D26L,1983
ISUZU,Cross-Wind,,NS50,D23L,1988/1985
HONDA,New Civic 1.8 V MT,2008,NS60,B24LS,1988/1985
HONDA,New Civic 1.8 V AT,2008,NS60,B24LS,1988/1985
HONDA,New Civic 1.8 S MT,2008,NS60,B24LS,1988/1985
HONDA,New Civic 1.8 AT,2008,NS60,B24LS,1988/1985
HONDA,New Civic 2.0S AT,2008,NS60,B24LS,1988/1985
HONDA,New Civic 2.0S AT,2016,NS60,B24LS,1986/1993
HONDA,CIVIC,1991 - 2000,NS60,B24L,1988/1985
HONDA,,2002 - 2006 ,NS60,B24LS,1988/1985
HONDA,,2006*,NS60,B24LS,
HONDA,Civic 1.6L,2001 - 2006,NS60,B24RS,
HONDA,Civic 1.8L,2007 - on,NS40L,B20LS,1988/1985
HONDA,Civic 1.8 & 2.0,2007,NS60,B24LS,1988/1985
HONDA,CRV,1997 - on,NS60,B24LS,1988/1985
HONDA,CR-V 2.0-2.4,2007 - on,NS60L,B24LS,1988/1985
HONDA,HRV,2000 - on,NS60,B24LS,1995
HONDA,Legend ,1994 - 1995,N50,D26L,1995
HONDA,Lergend ,2016,N50,D26L,1995
HONDA,Odyssey,1987 - 2013,N50,D26L,1999
HONDA,Odyssey (with Start - Stop Option),2014 - on,Q65 (D23L),EFB D23L,1995
HONDA,Pilot ,,N50,D26L,
HONDA,All New Pilot,2016,Q?(D26L),For Development,1983
HONDA,S2000,,NS50,D23L,
HYUNDAI,Accent GL 1.5 CRDi MT,2004 - on,N50,L26L,
HYUNDAI,Accent GLS 1.5 CRDi MT,2004 - on,N50,L26L,
HYUNDAI,Accent GL 1.5 CRDi MT,2013 to Present,DIN55,DIN55,
HYUNDAI,Accent GLS 1.5 CRDi MT,2013 to Present,DIN55,DIN55,
HYUNDAI,Azera GLS 3.3 AT,2004 - on,N50,L26L,
HYUNDAI,Elantra GLS 1.6 CRDi,1996 - on,D20,DIN55,
HYUNDAI,Elantra GLS 1.6-1.8 Gas,2011 to Present,D20,DIN55,1983
HYUNDAI,Coupe GLS 2.0 Gas AT,1996 - on,NS50,D23L,1983
HYUNDAI,Coupe GLS 2.7 V6 AT,1996 - on,NS50,D23L,1983
HYUNDAI,Excel,1993 - 1999,NS50,D23L,
HYUNDAI,Genesis 3.8 V6 GLS AT,,N50L,L26L,1983
HYUNDAI,Genesis Coupe 2.0 Turbo 6 MT,,NS50L,D23L,
HYUNDAI,Genesis Coupe 3.8 V6 6 MT,,N50L,L26L,
HYUNDAI,Genesis Turbo SAT,,N50L,L26L,1995
HYUNDAI,GETZ CRDi 1.5 MT (FL),2004 - 2009,N50,D26L,1983
HYUNDAI,GETZ Gas 1.1 MT,2003 - 2009,D20,D23L,1995
FORD,Escape 2.0L/3.0L,2003 - on,N50,D26L,1983
FORD,Escape 2.3L,1996 - 2000,NS50,D23L,1983
FORD,,2007 - on,NS50,D23L,1998
FORD,Ranger 2.5/3.0 Durator Q,2007 - on,N70,D31R,2001/2004
FORD,All New Ranger T6 2.2,2012 - on,DIN66,DIN66,
FORD,All NEw Ranger T6 3.2 4x4,2012 - on,DIN77,DIN77,
FORD,Sport Trac (4x4),,G65,G65,1998
FOTON,Blizzard,,N70,D31R,1998
FOTON,MPX,,N70,D31R,1986/1993
HAIMA,Haima1 Sub-Compact,,NS60,B24L,1986/1993
HAIMA,Haima2 Sub-Compact,,NS60,B24L,1983
HAIMA,M3,,NS50,D23L,1986/1993
HAIMA,SS Crossover,,NS60,B24L,1983
HAIMA,Haima7,,NS50,D23L,1986/1993
HAIMA,F-Star (All Variants),,NS60,B24L,1986/1993
HONDA,Accord,1992 - 1997 ,NS60,B24L,1986/1993
HONDA,,1998 - on,NS50,B24L,1988/1985
HONDA,Accord 2.0L,2004,NS60,B24LS,1995
HONDA,Accord 3.0L,2004,N50,D26L,1983
HONDA,New Accord 2.4S AT,2004 - on,NS50,D23L,
HONDA,New Accord 3.5S -V AT V6,,NS50,D263L,1995
HONDA,New Accord 3.5S (8-Gen & 9-Gen),2008 to Present,N50,D26L,
HONDA,Brio,2014 - on,34B17L,,
HONDA,Brio-Amaze,2015 - on,34B17L,,
HONDA,Mobilio,2015 - on,34B17L,,
HONDA,BR-V,2016,34B17L,,1990
HONDA,All New City 1.3 A MT,2008,NS40L,B20L,1990
HONDA,All New City 1.3 S MT,2008,NS40L,B20L,1990
HONDA,All New City 1.3 S AT,2008,NS40L,B20L,1990
HONDA,All New City 1.5 E AT,2008,NS40L,B20L,1990
HONDA,All New Jazz 1.3 S MT,2008,NS40L,B20L,1990
HONDA,All New Jazz 1.3 S AT,2008,NS40L,B20L,1990
HONDA,All New Jazz 1.3 V AT,2008,NS40L,B20L,1990
HONDA,City,1996 - on,NS40,B20L,2003
FERRARI,"F355,F430,F599,F612",1999 - on,DIN88,DIN88,2003
FERRARI,550 Maranello,,DIN88,DIN88,2003
FERRARI,599 GTB Fiorano,,DIN88,DIN88,2003
FERRARI,612 Scaglietti,,DIN88,DIN88,2003
FERRARI,"FF, F12 Berlinetta",2014 - on,DIN88,DIN88,2003
FERRARI,"458 Italia, 488",,DIN88,DIN88,1983
FIAT UNO,ALL MODELS,1992 - 1996 ,NS50,D23L,1995
FORD,Escape 2.0L/3.0L,2003 - on,N50,D26L,1983
FORD,Escape 2.3L,1996 - 2000,NS50,D23L,1983
FORD,,2007 - on,NS50,D23L,1995
FORD,Escape 3.0 V6,2007 - on,N50,D26L,2001/2004
FORD,All New Escape 2.0/1.6 Ecoboost,2014 - on,DIN66,DIN66,1998
FORD,Everest 2.5/3.0 DuratorQ,2007 - on,N70,D31R,1998
FORD,Everest 2.3L,2000 - on,N70,D31R,2001/2004
FORD,All New Everest 2.2,2015 - on,DIN66,DIN66,
FORD,All New Everest 3.2 4x4,2015 - on,DIN77,DIN77,
FORD,Expedition,1999 - on,G65,G65,
FORD,Explorer,2000 - on,G65,G65,
FORD,Explorer 2.0 Ecoboost,2012 - on ,G58,G58,
FORD,E-150 Chateau Wagon MY,2010,G65,G65,
FORD,F150,1999 - on,G65,G65,
FORD,F150 Super Cab (4x4),,G65,G65,
FORD,Ford Fiesta 1.6 Poweshift Sports 5DT,2010,DIN44,DIN44,
FORD,Ford Fiesta 1.6 Poweshift Sports 5Dr,2010,DIN44,DIN44,
FORD,Ford Fiesta 1.6 Poweshift Sports 4Dr,2010,DIN44,DIN44,
FORD,Ford Fiesta 1.6 MT Trend 5Dr,2010,DIN44,DIN44,
FORD,Ford Fiesta 1.6 MT Trend 4Dr,2010,DIN44,DIN44,
FORD,Ford Fiesta 1.6 MT Style 4Dr,2010,DIN44,DIN44,2001/2004
FORD,Ford Fiesta 1.0 Ecoboost,2014 - on,DIN66,DIN66,
FORD,Focus,2005 - on,DIN44,DIN44,2001/2004
FORD,Focus (Diesel),2005 - on,DIN66,DIN66,1983
FORD,LYNX,1998 - on ,NS50,D23L,1998
FORD,Ranger,1999 - on,N70,D31R,1995
CHRYSLER,Caravan,1996 - on,N50,D26L,1995
CHRYSLER,Dakota,1996 - on,N50,D26L,
CHRYSLER,Durango,,G65,G65,1995
CHRYSLER,Grand Cherokee,1996 - on,N50,D26L,
CHRYSLER,Grand Cherokke,,G65,G65,2001/2004
CHRYSLER,Pacifica,2007 - on,DIN66,DIN66,1995
CHRYSLER,Ram,1996 - on,N50,D26L,1996
CHRYSLER,Ram Charger (Diesel),1996 - on,N70,D31L,1995
CHRYSLER,Ram Charger (Gasoline) ,1996 - on,N50,D26L,2001/2004
CHRYSLER,Sebring ,,DIN66,DIN66,2001/2004
CHRYSLER,Town & Country,2007 - on,DIN66,DIN66,1983
DAEWOO,Cielo,1996 - 1999,NS50,D23L,1983
DAEWOO,Espero,1995 - 1999,NS50,D23L,1995
DAEWOO,Prince,1996 - 1999,N50,D26L,1983
DAEWOO,Racer,1994 - 1999,NS50,D23L,1995
DAEWOO,Super Saloon,1989 - 1999,N50,D26L,1986/1993
DAIHATSU,Charade,1991 - 1999,NS60,B24L,1986/1993
DAIHATSU,Feroza,1989 - on,NS60,B24L,1986/1993
DAIHATSU,Hi Jet ,1989 - 1999,NS60,B24L,2001/2004
DODGE,Caliber,2007 - on,DIN66,DIN66,
DODGE,Caravan,,G34/78,G34/78,
DODGE,Challenger,,G34/78,G34/78,
DODGE,Charger,,G34/78,G34/78,
DODGE,Dakota,,G65,G65,
DODGE,Durango,,G65,G65,
DODGE,Journey ,,G34/78,G34/78,
DODGE,Magnum,,G34/78,G34/78,
DODGE,Viper,,G34/78,G34/78,
DODGE,Neon,,G34/78,G34/78,
CHEVROLET,Aveo 1.2L MT (Hatchback),2004,DIN55,DIN55R,
CHEVROLET,Aveo 1.2LS AT (Hatchback),,DIN55,DIN55R,
CHEVROLET,Aveo 1.2LS MT (Hatchback),,DIN55,DIN55R,
CHEVROLET,Aveo 1.4 Sedan AT,,DIN55,DIN55R,
CHEVROLET,Aveo 1.4 Sedan MT,,DIN55,DIN55R,
CHEVROLET,Sail,2016,DIN44,DIN44,
CHEVROLET,Camaro 2LT 3.6V6 / 25S 6.2V8,,DIN55,DIN55,
CHEVROLET,Captiva 2.0 CRDi AT 4x2 CUV,,DIN66R,DIN66R,
CHEVROLET,Captiva 2.0 CRDi AT 4x4 CUV,,DIN66R,DIN66R,
CHEVROLET,Captiva 2.0 Gas AT 4x2 CUV,,DIN66R,DIN66R,
CHEVROLET,Captiva 2.0 Gas AT 4x4 CUV,2007 - on,DIN66R,DIN66R,
CHEVROLET,Colorado (2.5/2.8CRDi),,DIN66 ,DIN67,2004
CHEVROLET,Cruze 2.0 CRDi,,DIN66 ,DIN66 ,
CHEVROLET,Cruze A/T Gas,2010,DIN55,DIN55,
CHEVROLET,Hummer (H1/H2/H3),2000 - 2010 ,G34/78,G34/78,
CHEVROLET,Malibu 2.4L,2014,DIN55,DIN55R,
CHEVROLET,Optra 1.6 LS Sedan AT,,DIN55,DIN55R,
CHEVROLET,Optra 1.6 LS Sedan MT,2003 - on,DIN55,DIN55R,
CHEVROLET,Optra 1.6 LS Wagon AT,,DIN55,DIN55R,
CHEVROLET,Optra 1.6 LS Wagon MT,,DIN55,DIN55R,2001/2004
CHEVROLET,Orlando,,DIN66,DIN66,
CHEVROLET,Spark 1.0 MT Hatch,,NS40,B20LS,
CHEVROLET,Sonic 1.4L 4DR/5DR,2012 - on,DIN55,DIN55,
CHEVROLET,Spin 1.5 LTZ (Gas),2013,DIN55,DIN55,2001/2004
CHEVROLET,Spin 1.5 LS/LTZ (Diesel),2013,DIN66,DIN66,
CHEVROLET,Suburvan 5.3 V9 4x2 AT,2007 - on,G65,G65,
CHEVROLET,Tahoe 5.3 V8 4x2 AT,,G34/78,G34/78,
CHEVROLET,Trailblazer,,G34/78,G34/78,2001/2004
CHEVROLET,Trailblazer,2013,DIN66,DIN66,
CHEVROLET,Traverse,,G34/78,G34/78,
CHEVROLET,Venture,2003 - on,G34/78,G34/78,2001/2004
CHEVROLET,Zafira,,DIN66,DIN66,
CHEVROLET,Tahoe 5.3 V8 4x2 AT,,G34/78,G34/78,
CHEVROLET,Suburvan 5.3 V8 4x2 AT,2007 - on,G65,G65,
CHEVROLET,Suburvan 5.3 V8 4x2 AT,2015,DIN77 Tall ,DIN77H,
CHEVROLET,Trax ,2015,DIN55 Tall ,DINH,2004
BMW,316i/320i/325i/328i,1991 - on,DIN66,,
BMW,1 Series,,DIN44,,2004
BMW,3 Series,,DIN66,,
BMW,5 Series,2000 - on,DIN55,,
BMW,6 Series,,DIN110,,
BMW,7 Series,,DIN110,,
BMW,M6,,DIN110,,2003
BMW,S23i,1996 - on,DIN88,,
BMW,BMWX5,2007 - on,DIN110,,2004
BMW,X1,,DIN66,,2004
BMW,X3,2005,DIN66,,2004
BMW,Z3 Roadster,1996 - on,DIN66,,
BMW,Z4/MS,2005,DIN110,,1995
BUILD YOUR DREAM  (BYD),F5 Suri (DCT),,N50,D26L,1995
BUILD YOUR DREAM  (BYD),L3 GL- 1.5Li,,N50,D26L,1995
BUILD YOUR DREAM  (BYD),F3 1.5Li M/T,,N50,D26L,1995
BUILD YOUR DREAM  (BYD),S6 GS-2.0Liu 4x2,,N50,D26L,1982
BUILD YOUR DREAM  (BYD),S6 GS-2.0Liu 4x2 DCT,,N50R,D26R,1983
BUILD YOUR DREAM  (BYD),F0 Gli,,NS50,D23L,
CHERY CARS,Chery A5,,DIN55,DIN55,
CHERY CARS,Chery Crown,,DIN44,DIN44,
CHERY CARS,Chery QQ3,,NS40,B21L,2001/2004
CHERY CARS,Eastar ,,DIN66,DIN66,2001/2004
CHERY CARS,Karry,,DIN66,DIN66,1995
CHERY CARS,Tiggo,,N50,D26L,
CHERY CARS,V2,,DIN44,DIN44,2001/2004
CHERY CARS,V5,,DIN66,DIN66,
CHERY CARS,QQ6,,NS40,B21L,2001/2004
ALFA ROMEO,155 - Twinn Spark 16V,1996 - on,DIN66,DIN66,2001/2004
ALFA ROMEO,164 - VG,1997 - on,DIN66,DIN66,2001/2004
ALFA ROMEO,GTV - 2.0L V6 Turbo,1998 - on ,DIN66,DIN66,2001/2004
ALFA ROMEO,Spyder,,DIN66,DIN66,
ALFA ROMEO,Mito,2010 - on,B20,B20,
ALFA ROMEO,Giulietta,2010 - on,DIN55,DIN55,2001/2004
ALFA ROMEO,4C,2012,DIN66,DIN66,
ACURA,Integra,,NS50,D23R,
ACURA,NSX,,NS50,D23R,1983
ACURA,TL 3.2,,NS50,D23L,1983
ACURA,ZDX 3.7 Sports Coupe,,NS50,D23L,1995
ACURA,MDX,,N50,D26L,1995
ACURA,RDX,,N50,D26L,
AUDI,A1,,DIN55,,
AUDI,A3,,DIN55,,
AUDI,A4,,DIN55,,2003
AUDI,A6,2007 - on,DIN88,,
AUDI,A8,,DIN110,,
AUDI,IT,,DIN55,,
AUDI,Q3,,DIN55,,
AUDI,Q5,,DIN77,,
AUDI,Q7,,DIN110,,
BENTLY,Arnage,,N50,,
BENTLY,Continental ,,DIN66x2,,2004
BENTLY,Mulsanne ,,DIN66 ,,
BENTLY,Continental GT/GTC,,DIN55,,
BENTLY,Flying Spur,,DIN55,,
VOLKSWAGEN,Beetle,,DIN55,EFB D23L,
VOLKSWAGEN,Bora,,DIN55,EFB D23L,
VOLKSWAGEN,Caravelle,1996 - on,DIN88,EFB D23L,2003
VOLKSWAGEN,Golf,,DIN55,EFB D23L,1999
VOLKSWAGEN,Passat,,DIN55,EFB D23L,
VOLKSWAGEN,Polo,1996 - on,DIN66,EFB D23L,
VOLKSWAGEN,Tiguan,2007 - Present,DIN66H,EFB D23L,
VOLKSWAGEN,Touareg,,DIN110,EFB D23L,
VOLVO,C30,,DIN66,,2004
VOLVO,C70,,DIN55,,
VOLVO,850/850R,1999 - on,DIN88,,2003
VOLVO,540/V40,1997 - on,DIN66,,2004
VOLVO,560,1996 - on,DIN88,,2003
VOLVO,,2005 - on,DIN66,,2004
VOLVO,570,1999 - on,DIN66,,2004
VOLVO,580,,DIN110,,
VOLVO,V50,,DIN55,,
VOLVO,V70,,DIN55,,
VOLVO,XC60,,DIN55,,
VOLVO,XC70,2005 - on,DIN88,,2003
VOLVO,XC90,2005 - on,DIN88,,2003
TOYOTA,Echo,2000 - on,NS60,B24LS,1988/1985
TOYOTA,Fortuner (Diesel),2005 - on,N70,D31L,1996
TOYOTA,Fortuner (Gas),2006 - on,N50L,D26L,1995
TOYOTA,Fortuner (Diesel),2016,DIN66H,DIN66H,
TOYOTA,HI Ace (Diesel),1999 - on,N70,D31L,1996
TOYOTA,HI Ace (Gasoline),1994 - on,N50,D26L,1995
TOYOTA,HI Ace Grandia,1999 - on,N50,D26R,1982
TOYOTA,HI Ace (All Trims),2006 - on,N50,D26L,1995
TOYOTA,HI Lux (Gasoline),1993 - on,N50,D26L,1995
TOYOTA,HI Lux 4x4/ 2x4 (Diesel),1993 - on,N50,D26L,1995
TOYOTA,HI-Lux,,N70,D31L,1996
TOYOTA,Hilux 2.4/2.8Li,2015,DIN66H,DIN66H,
TOYOTA,Innova (V-Type),2005 - on,N50,D23L,1983
TOYOTA,Innova (G-Type),2005 - on,N50,D23L,1983
TOYOTA,Innova (E-Type),2005 - on,N50,D23L,1983
TOYOTA,Innova (J-Type),2005 - on,NS60,D23L,1983
TOYOTA,Innova AN140 TR (Gasoline),2016,DIN55H,DIN55H,
TOYOTA,Innova AN140 GD (Diesel),2016,DIN66H,DIN66H,
TOYOTA,Land Cruiser / Prado (Diesel),1991 - on,N70x2,D31L/R,
TOYOTA,Land Cruiser / Prado (Gasoline),1991 - on,N50,D26L,1995
TOYOTA,Land Cruiser 200 5.7 V8,2008 - on ,N50x2,D26L/R,
TOYOTA,Lite Ace,1990 - on,NS60,B24L ,
TOYOTA,Previa (Diesel),,N70,D31L,1996
TOYOTA,Previa (Gasoline),,N50,D26L,1995
TOYOTA,Prius 1.8,,NS40L,B20L,1990
TOYOTA,RAV 4,1996 - on,NS60,B24L,1986/1993
TOYOTA,RAV 4,2007,NS50,D23L,1983
TOYOTA,Soluna ,2001 - on,NS40 ,B20LS,
TOYOTA,Tamaraw / Revo (Diesel),1998 - on,N50,D26L,1995
TOYOTA,Tamaraw / Revo (Gasoline),1998 - on,NS50,D23L,1983
TOYOTA,Tamaraw / Revo Sport (Diesel),1998 - on,N50,D26L,1995
TOYOTA,Tamaraw / Revo Sport (Gasoline),1998 - on,NS50,D23L,1983
TOYOTA,VIOS,2003 - on,NS60,B24LS,1988/1985
TOYOTA,VIOS,2015 - 2016,NS40,B20L,1990
TOYOTA,YARIS,,NS60,B24LS,1988/1985
SUZUKI,Alto,,NS40,B20L,1990
SUZUKI,APV,,NS60,B24RS,
SUZUKI,Bayan Cab,1996 - 1999 ,NS40,B20LS,
SUZUKI,Bravo,,NS60,B24LS,1988/1985
SUZUKI,Celerio,,NS40R,B20R,
SUZUKI,CIAZ/Swift (US Version),2016,DIN55,DIN55,
SUZUKI,Esteem Wagon,1996 - 1999 ,NS60,B24L ,
SUZUKI,Grand Vitara,2001 - on,NS50,D23L,1983
SUZUKI,,2007 - on,N50,D26L,1995
SUZUKI,Jimmy,2004,NS40,B20LS,
SUZUKI,Samurai,1998 - on,NS60,B24L,1986/1993
SUZUKI,Super Carry,1998 - on,NS40,B20LS,
SUZUKI,Swift,2005,NS40R,B20RS,
SUZUKI,Sx4 AT 1.6 Dr Aero,,NS60R,B20RS,
SUZUKI,Sx4 AT 1.6 Dr Cross Over,,NS41,B20LS,
SUZUKI,Vitara,1995 - on,NS60,B24LS,1988/1985
SUZUKI,Wagon R,,NS60,B24LS,1988/1985
SUZUKI,XL 7,,NS60,B24LS,1988/1985
TATA,Vista (Petrol),2014 - on,DIN44,DIN44,
TATA,Vista (Diesel),2014 - on,DIN55H,DIN55H,
TATA,Manza (Petrol),2014 - on,DIN44,DIN44,
TATA,Manza (Diesel),2014 - on,DIN55H,DIN55H,
TATA,Indigo/Indica (Diesel),2014 - on,DIN55R,DIN55R,
TATA,ACE,2014 - on,NS40,B20L,1990
TATA,Super Ace (Diesel) 3-Cylinder,2014 - on,N50,D26R,1982
TATA,Xenon Pick-up,2014 - on,N70,D31R,1998
TOYOTA,Alphard 2.4 (Gasoline),2010,NS50,D23L,1983
TOYOTA,Avansa 1.3,,NS40,B20L,1990
TOYOTA,Avansa 1.5,,NS60R,B24RS,
TOYOTA,Camry,1996 - on,NS50,D23L,1983
TOYOTA,,2007 - on,N50,D26L,1995
TOYOTA,Coaster,,N70x2,D31L/R,
TOYOTA,Corolla All Models / ALTIS,1989 - on,NS60 ,B24L,1986/1993
TOYOTA,Corona,1989 - on,NS60 ,B24L,1986/1993
TOYOTA,Crown All Models (Diesel),1989 - on,N70 ,D31L ,
PORSCHE,911 GT2,1993 - on,DIN88,DIN88,2003
PORSCHE,911 (Turbo),,,,2003
PORSCHE,Boxster,1996 - 2003 ,DIN88,DIN88,2003
PORSCHE,Boxster,2004 - Present,DIN77,,
PORSCHE,Cayenne (All Trims),,DIN88,,2003
PORSCHE,Cayman (All Trims),,DIN66,,2004
PORSCHE,Panamera,,DIN66,,2004
PORSCHE,Macan (All Variants),2013,DIN66,,2004
PROTON WIRA,1.6,1994 - 1998 ,NS50,D23L,1983
PROTON WIRA,"1.3GLi, 1.5GLi",1994 - 1998 ,NS50,D23L,1983
SSANYONG,Actyon,1997 - on,N70,D31R,1998
SSANYONG,Kyron,1997 - on,N70,D31R,1998
SSANYONG,Musso,1997 - on,N70,D31R,1998
SSANYONG,Rexton,1997 - on,N70,D31R,1998
SSANYONG,Rhino,1997 - on,N70,D31R,1998
SSANYONG,Rodius,1997 - on,N70,D31R,1998
SSANYONG,Tivoli,2016,DIN44,DIN44,
SSANYONG,Tivoli XLS (Long Wheelbase),2016,N50,D26L,1995
SUBARU,Forester 2.0,2007 - on,NS50,D23L,1983
SUBARU,Forester 2.5LEgacy,2007 - on,NS50,D23L,1983
SUBARU,Legacy,,NS50,D23L,1983
SUBARU,Impreza,,NS50,D23L,1983
SUBARU,Impreza 2.5 WRX,2007 - on,NS50,D23L,1983
SUBARU,Impreza 2.5 WRX STI,2007 - on,NS50,D23L,1983
SUBARU,Outback 3.0,2007 - on,N50,D26R,1982
SUBARU,Tribeca,2006 - 2014,NS50,D23L,1983
